code_en,name_ko,aliases,n_products,source,atc_top,review
5-fluorouracil,플루오로우라실,,3,auto,L01BC,
abacavir,아바카비르,,0,manual,,
abiraterone,,,0,none,L02BX,
aceclofenac,아세클로페낙,,134,auto,M01AB,
acetaminophen,아세트아미노펜,,0,manual,,
acetazolamide,아세타졸아미드,,2,auto,S01EC,
acitretin,아시트레틴,,1,auto,D05BB,Y
adefovir dipivoxil,아데포비어,아데포비어디피복실,7,auto,J05AF,
agalsidase α,아갈시다제알파,,1,auto,A16AB,Y
agomelatine,아고멜라틴,,1,auto,N06AX,Y
alfacalcidol,알파칼시돌,,41,auto,A11CC,
alfentanil,알펜타닐,,0,manual,N01AH,
alfuzosin,알푸조신,알푸조신염산염,18,auto,G04CA,
alitretinoin,알리트레티노인,,17,auto,D11AH,
almotriptan,알모트립탄,알모트립탄말산염,1,auto,N02CC,Y
alogliptin,알로글립틴,,0,manual,,
alprazolam,알프라졸람,,22,auto,N05BA,
amantadine,아만타딘,아만타딘황산염,2,auto,N04BB,
amiloride,염산아미로라이드,,1,auto,C03DB,Y
amiodarone,아미오다론,아미오다론염산염,2,auto,C01BD,
amisulpride,아미설프리드,아미설피리드,10,auto,N05AL,
amitriptyline,아미트리프틸린,아미트리프틸린염산염,4,auto,N06AA,
amlodipine,암로디핀,,0,manual,,
amlodipine camsylate,암로디핀캄실산염,,0,manual,,
ammonium,,,0,none,,
anagliptin,아나글립틴,,0,manual,,
anagrelide,아나그렐리드,아나그렐리드염산염,5,auto,L01XX,
anastrozole,아나스트로졸,,3,auto,L02BG,
apalutamide,아팔루타마이드,,1,auto,L02BB,Y
apixaban,아픽사반,,45,auto,B01AF,
apraclonidine,아프라클로니딘,아프라클로니딘염산염,1,auto,S01EA,Y
arsenic trioxide,삼산화비소,바이알,4,auto,L01XX,
ascorbic acid,아스코르브산,,0,manual,,
ascorbic acid coated,,,0,none,,
ascorbic acid granules 97%,,,0,none,,
aspirin,아스피린,아스피린장용과립,24,auto,"B01AC,N02BA",
aspirin lysine,,,0,none,,
atazanavir,아타자나비르,,0,manual,,
atomoxetine,아토목세틴,아토목세틴염산염,18,auto,N06BA,
atorvastatin,아토르바스타틴,무수아토르바스타틴칼슘|아토르바스타틴칼슘|아토르바스타틴칼슘삼수화물|아토르바스타틴칼슘수화물,271,auto,C10AA,
atorvastatin strontium pentahydrate,아토르바스타틴스트론튬오,아토르바스타틴스트론튬오수화물,4,auto,C10AA,
atropine,아트로핀,,0,manual,A03BA,
azathioprine,아자티오프린,,9,auto,L04AX,
azithromycin,아지트로마이신,아지트로마이신수화물,15,auto,J01FA,
bedaquiline,베다퀼린,베다퀼린푸마르산염,1,auto,J04AK,Y
benfotiamine,벤포티아민,,0,manual,,
benserazide,벤세라지드,,0,manual,,
bicalutamide,비칼루타미드,비칼루타마이드,10,auto,L02BB,
bictegravir,빅테그라비르,,0,manual,,
blonanserin,블로난세린,,6,auto,N05AX,
bosentan,보센탄,보센탄수화물,1,auto,C02KX,Y
bosutinib,보수티닙,보수티닙일수화물,3,auto,L01EA,
brigatinib,브리가티닙,,3,auto,L01ED,
brimonidine,브리모니딘,브리모니딘타르타르산염,8,auto,S01EA,
bromhexine,브롬헥신,,0,manual,,
bromocryptine,브로모크립틴,브로모크립틴메실산염,1,auto,,Y
brompheniramine,브롬페니라민,,0,manual,,
buprenorphine,부프레노르핀,,3,auto,N02AE,
bupropion,부프로피온,부프로피온염산염,10,auto,N06AX,
burosumab,부로수맙,,0,manual,M05BX,
buspirone,부스피론,부스피론염산염,23,auto,N05BE,
cabotegravir,카보테그라비르,,1,auto,J05AJ,Y
cabotegravir sodium micronized,카보테그라비르,카보테그라비르나트륨,1,auto,J05AJ,Y
cabozantinib s-malate,카보잔티닙,,3,auto,L01EX,
caffeine,카페인,,0,manual,,
calcitriol,칼시트리올,,6,auto,A11CC,
calcium,글루콘산,글루콘산칼슘수화물|염화칼슘수화물,2,auto,B05XA,
candesartan cilexetil,칸데사르탄,,0,manual,,
capecitabine,카페시타빈,,5,auto,L01BC,
carbamazepine,카르바마제핀,,10,auto,N03AF,
carbidopa,카르비도파,,0,manual,,
carbinoxamine,카르비녹사민,,0,manual,,
celecoxib,세레콕시브,,166,auto,M01AH,
ceritinib,세리티닙,,1,auto,L01ED,Y
chlorpheniramine,클로르페니라민,,0,manual,,
chlorpromazine,클로르프로마진,클로르프로마진염산염,1,auto,N05AA,Y
chlorthalidone,클로르탈리돈,,2,auto,C03BA,
choline fenofibrate,콜린페노피브레이트,,0,manual,,
cilastatin,실라스타틴,,0,manual,,
cimicifuga rhizome ext,,,0,none,,
cinnamon bark dried extract,,,0,none,,
cinnamon bark powder,,,0,none,,
ciprofloxacin,시프로플록사신,시프로플록사신염산염|시프로플록사신염산염수화물|염산시프로플록사신,87,auto,J01MA,
clarithromycin,클래리트로마이신,클래리스로마이신|클래리트로마이신제피과립,158,auto,J01FA,
clomipramine,클로미프라민,클로미프라민염산염,5,auto,N06AA,
clonidine,클로니딘,클로니딘염산염,1,auto,C02AC,Y
clonixin lysinate,클로닉신리시네이트,,22,auto,,
clopidogrel,클로피도그렐,클로피도그렐베실산염,1,auto,B01AC,Y
clopidogrel bisulfate,클로피도그렐,클로피도그렐황산수소염|클로피도그렐황산염|황산수소클로피도그렐,124,auto,B01AC,
clopidogrel camsylate,클로피도그렐,클로피도그렐캄실산염,1,auto,B01AC,Y
clopidogrel napadisilate,클로피도그렐나파디실레이트,클로피도그렐나파디실레이트일수화물,1,auto,B01AC,Y
clopidogrel resinate,클로피도그렐레지네이트,,1,auto,B01AC,Y
cobicistat,코비시스타트,,0,manual,,
colchicine,콜키신,,2,auto,M04AC,
conjugated estrogens 4 29%,,,0,none,,
coptis rhizome ext powder,,,0,none,,
cyanocobalamin,시아노코발라민,,0,manual,,
cyclobenzaprine,시클로벤자프린,시클로벤자프린염산염,2,auto,M03BX,
cyclosporine,사이클로스포린,,15,auto,L04AD,
cyproheptadine orotate,시프로헵타딘,,0,manual,,
d-chlorpheniramine,클로르페니라민,,0,manual,,
d-mannitol,,,0,none,B05BC,
d-penicillamine,디-페니실라민,,2,auto,M01CC,
dabigatran etexilate,다비가트란에텍실레이트,다비가트란에텍실레이트메실산염,2,auto,B01AE,
dapagliflozin,다파글리플로진,,0,manual,,
dapagliflozin anhydrous lactose mixture,,,0,none,,
dapagliflozin bis,,,0,none,,
dapagliflozin citric acid,,,0,none,,
dapoxetine,다폭세틴,다폭세틴염산염,6,auto,,
darunavir ethanolate,다루나비르에탄올레이트,,2,auto,J05AE,
defibrotide,데피브로타이드,,1,auto,B01AX,Y
degarelix,데가렐릭스,,2,auto,L02BX,
delamanid,델라마니드,,1,auto,J04AK,Y
desogestrel,데소게스트렐,,0,manual,,
desvenlafaxine,데스벤라팍신벤조산염,데스벤라팍신|데스벤라팍신숙신산염일수화물,18,auto,N06AX,
deutetrabenazine,듀테트라베나진,,3,auto,,
dexbrompheniramine,덱스브롬페니라민,,0,manual,,
dexibuprofen,덱시부프로펜,덱시부프로펜 디.씨|덱시부프로펜 디.씨.|덱시부프로펜디.씨|덱시부프로펜디.씨.,111,auto,M01AE,
dexibuprofen d c,덱시부프로펜디.씨,,1,auto,,Y
dexketoprofen trometamol,덱스케토프로펜,덱스케토프로펜트로메타몰,1,auto+manual,M01AE,
dexlansoprazole,덱스란소프라졸,,2,auto,A02BC,
dextromethorphan,덱스트로메토르판,,0,manual,,
dibasic,,,0,none,,
diclofenac,디클로페낙,디클로페낙나트륨,21,auto,M01AB,
diclofenac-β-dimethyl-aminoethanol,디클로페낙β-디메틸아미노에탄올,디클로페낙β-디메칠아미노에탄올|디클로페낙베타-디메틸아미노에탄올|디클로페낙베타디메칠아미노에탄올|디클로페낙베타디메틸아미노에탄올,21,auto,M01AB,
diethylpropion,디에틸프로피온,디에틸프로피온염산염,9,auto,,
digoxin,디곡신,,2,auto,C01AA,
diltiazem,딜티아젬,딜티아젬아시딕폴리머콤플렉스|딜티아젬염산염,10,auto,C08DB,
diluted nitroglycerin,희석된니트로글리세린,니트로글리세린|희석니트로글리세린,6,auto,C01DA,
diluted nitroglycerin solution,니트로글리세린,희석한니트로글리세린용액,1,auto+manual,C01DA,
diphenhydramine,디펜히드라민,,0,manual,,
diphenylhydantoin,페니토인,,1,auto,N03AB,Y
diprophylline,디프로필린,,0,manual,,
divalproex,디발프로엑스,디발프로엑스나트륨,4,auto,N03AG,
divalproex sodium particle,디발프로엑스나트륨입자,,1,auto,N03AG,Y
dl-carnitine,카르니틴,,0,manual,,
dl-methylephedrine,메틸에페드린,,0,manual,,
dl-methylephedrine hci,메틸에페드린,,0,manual,,
dolutegravir,돌루테그라비르,돌루테그라비르나트륨,1,auto,J05AJ,Y
domperidone,돔페리돈,돔페리돈말레산염,15,auto,A03FA,
doravirine,도라비린,,1,auto,J05AG,Y
doripenem,도리페넴,,1,auto,J01DH,Y
doxepin,독세핀,독세핀염산염,6,auto,N05CM,
doxycycline,독시사이클린,독시사이클린수화물,7,auto,J01AA,
doxycycline hyclate,독시사이클린하이클레이트,독시사이클린하이클레이트수화물,1,auto,J01AA,Y
doxylamine,독실아민,,0,manual,,
dried ginseng ext,,,0,none,,
dronedarone,드로네다론,드로네다론염산염,2,auto,C01BD,
drospirenone,드로스피레논,,0,manual,,
duloxetine,둘록세틴,둘록세틴염산염,36,auto,N06AX,
ebastine,에바스틴,,7,auto,R06AX,
edetate,에데트산칼슘디,에데트산칼슘디나트륨,3,auto,V03AB,
edoxaban,에독사반,에독사반베실산염수화물|에독사반토실산염수화물,8,auto,B01AF,
eliglustat,엘리글루스타트,,1,auto,A16AX,Y
elvitegravir,엘비테그라비르,,0,manual,,
empagliflozin,엠파글리플로진,,0,manual,,
emtricitabine,엠트리시타빈,,0,manual,,
enavogliflozin,엔아보글리플로진,,0,manual,,
entacapone,엔타카폰,,0,manual,,
entrectinib,엔트렉티닙,,2,auto,L01EX,
enzalutamide,엔잘루타마이드,엔잘루타미드,7,auto,L02BB,
ephedrine,에페드린,에페드린염산염,1,auto,R03CA,Y
epinephrine,에피네프린,에피네프린타르타르산염,3,auto,"C01CA,R03AA",
ergotamine,에르고타민,,0,manual,,
escitalopram,에스시탈로프람,에스시탈로프람옥살산염,93,auto,N06AB,
eslicarbazepine,,,0,none,N03AF,
esomeprazole,에스오메프라졸,에스오메프라졸나트륨|에스오메프라졸마그네슘|에스오메프라졸마그네슘삼수화물|에스오메프라졸마그네슘이수화물,244,auto,A02BC,
esomeprazole strontium tetrahydrate,에스오메프라졸스트론튬사,에스오메프라졸스트론튬사수화물,2,auto,A02BC,
estrogen,결합형에스트로겐,,2,auto,G03CA,
ethambutol,에탐부톨,,0,manual,,
ethenzamide,에텐자미드,,0,manual,,
ethinyl estradiol,에티닐에스트라디올,,0,manual,,
ethyl esters of the iodised fatty acids of poppyseed oil,아이오다이즈드오일,,3,auto,V08AD,
etodolac,미분화에토돌락,에토돌락,5,auto,M01AB,
etoricoxib,에토리콕시브,,9,auto,M01AH,
etravirine,에트라비린,,1,auto,J05AG,Y
everolimus,에베로리무스,,16,auto,"L01EG,L04AH",
evogliptin,에보글립틴,,0,manual,,
ezetimibe,에제티미브,,0,manual,,
febuxostat,페북소스타트,,30,auto,M04AA,
fedratinib dihydrochloride,페드라티닙,페드라티닙염산염수화물,1,auto,L01EJ,Y
felodipine,펠로디핀,,17,auto,C08CA,
fenofibrate,페노피브레이트,,0,manual,,
fenofibric acid,페노피브릭산,,0,manual,,
fenoterol,페노테롤,페노테롤브롬화수소산염,1,auto,R03CC,Y
fentanyl,펜타닐,구연산펜타닐|바이알|펜타닐시트르산염,50,auto,"N02AB,N01AH",
fexuprazan,펙수프라잔,펙수프라잔염산염,8,auto,A02BC,
filgotinib,필고티닙,필고티닙말레산염,2,auto,L04AF,
fimasartan,피마사르탄,,0,manual,,
finerenone,피네레논,,2,auto,C03DA,
fingolimod,핀골리모드,핀골리모드염산염,1,auto,L04AE,Y
flecainide,초산플레카이니드,플레카이니드아세트산염,2,auto,C01BC,
fluconazole,플루코나졸,,141,auto,J02AC,
fluoxetine,플루옥세틴,염산플루옥세틴|플루옥세틴염산염,105,auto,N06AB,
flurbiprofen,플루르비프로펜,,6,auto,,
fluticasone,플루티카손,,0,manual,,
formoterol,포르모테롤,포르모테롤푸마르산염수화물,1,auto,R03CC,Y
fosaprepitant dimeglumine,포스아프레피탄트 디메글루민염,,1,auto,A04AD,Y
foscarnet trisodium hexahydrate,포스카네트,포스카네트나트륨수화물,1,auto+manual,,
fosphenytoin,포스페니토인,포스페니토인나트륨,2,auto,N03AB,
frovatriptan,프로바트립탄,프로바트립탄숙신산염일수화물,2,auto,N02CC,
furosemide,푸로세미드,,4,auto,C03CA,
fursultiamine,푸르설티아민,,0,manual,,
galgeun-tang ext,,,0,none,,
gemifloxacin,메탄설폰산제미플록사신,제미플록사신메탄설폰산염,2,auto,J01MA,
gemigliptin,제미글립틴,,0,manual,,
gentamicin,겐타마이신,겐타마이신황산염,1,auto,J01GB,Y
gestodene,게스토덴,,0,manual,,
gilteritinib,길테리티닙,길테리티닙푸마르산염,1,auto,L01EX,Y
gimeracil,기메라실,,0,manual,,
glecaprevir,글레카프레비르,,0,manual,,
glibenclamide,글리벤클라미드,,1,auto,A10BB,Y
gliclazide,글리클라지드,,0,manual,,
glimepiride,글리메피리드,,0,manual,,
glycine,글리신,,0,manual,,
glycyrrhiza dried extract,,,0,none,,
glycyrrhiza ext powder,,,0,none,,
glycyrrhiza powder,,,0,none,,
granisetron,그라니세트론,그라니세트론염산염,13,auto,A04AA,
guaifenesin,구아이페네신,,0,manual,,
haloperidol,할로페리돌,,7,auto,N05AD,
haloperidol decanoate,할로페리돌,할로페리돌데카노에이트,1,auto+manual,N05AD,
hemocoagulase,헤모코아귤라제,,2,auto,B02BX,
hydroxychloroquine,히드록시클로로퀸,히드록시클로로퀸황산염,13,auto,P01BA,
hydroxyzine,히드록시진,히드록시진염산염,4,auto,N05BB,
ibrutinib,이브루티닙,,1,auto,L01EL,Y
ibuprofen,이부프로펜,새콤한오렌지맛,89,auto,"M01AE,C01EB",
ibuprofen arginine,이부프로펜아르기닌,,2,auto,,
ibuprofen lysine,이부프로펜리신,,1,auto,,Y
ilaprazole,일라프라졸,,1,auto,A02BC,Y
imipenem,이미페넴,,0,manual,,
imipramine,,,0,none,N06AA,
indomethacin,인도메타신,,1,auto,,Y
iobitridol,이오비트리돌,,8,auto,V08AB,
iodixanol,요오딕사놀,,12,auto,V08AB,
iohexol,이오헥솔,,116,auto,V08AB,
iomeprol,이오메프롤,,13,auto,V08AB,
iopamidol,이오파미돌,,52,auto,V08AB,
iopromide,이오프로마이드,,9,auto,V08AB,
ioversol,이오버솔,,10,auto,V08AB,
irbesartan,이르베사르탄,,0,manual,,
irinotecan,이리노테칸,이리노테칸염산염,19,auto,L01CE,
isavuconazonium,이사부코나조늄,이사부코나조늄황산염,2,auto,,
isoniazid,이소니아지드,,0,manual,,
isoproterenol,이소프로테레놀,,0,manual,,
isosorbide dinitrate,묽은이소소르비드이,묽은이소소르비드이질산염|이소소르비드이질산염지속과립|이소소르비드질산염,3,auto,C01DA,
isosorbide mononitrate,묽은이소소르비드일,묽은이소소르비드일질산염|이소소르비드일진산염|이소소르비드일질산염,4,auto,C01DA,
isotretinoin,이소트레티노인,,14,auto,D10BA,
itraconazole,이트라코나졸고체분산체,이트라코나졸,71,auto,J02AC,
ivabradine,이바브라딘,이바브라딘염산염,2,auto,C01EB,
ixazomib,익사조밉시트레이트,,3,auto,L01XG,
ketoprofen,케토프로펜,,0,manual,M01AE,
ketorolac tromethamine,케토롤락트로메타민염,케토롤락트로메타민,10,auto,M01AB,
l-lysine,라이신,,0,manual,,
lamivudine,라미부딘,,2,auto,J05AF,
lansoprazole,란소프라졸과립,란소프라졸,40,auto,A02BC,
ledipasvir,레디파스비르,,0,manual,,
lercanidipine,레르카니디핀,레르카니디핀염산염,17,auto,C08CA,
letermovir,레테르모비르,,4,auto,J05AX,
levodopa,레보도파,,0,manual,,
levofloxacin,레보플록사신,레보플록사신수화물,124,auto,"J01MA,S01AE",
levomepromazine,레보메프로마진,레보메프로마진말레산염|말레인산레보메프로마진,3,auto,N05AA,
levonorgestrel,레보노르게스트렐,,0,manual,,
linagliptin,리나글립틴,,0,manual,,
linezolid,리네졸리드,,7,auto,J01XX,
lithium,탄산리튬,,1,auto,N05AN,Y
lobeglitazone,로베글리타존,,0,manual,,
lorlatinib,롤라티닙,,2,auto,L01ED,
losartan,로사르탄,,0,manual,,
loxoprofen,록소프로펜,록소프로펜나트륨|록소프로펜나트륨수화물,114,auto,M01AE,
lurasidone,루라시돈,루라시돈염산염,5,auto,N05AE,
lysozyme,리소짐,,0,manual,,
magnesium hydroxide,수산화마그네슘,,0,manual,,
mefloquine,메플로퀸,메플로퀸염산염,1,auto,P01BC,Y
meloxicam,멜록시캄,멜로시캄,91,auto,M01AC,
mequitazine,메퀴타진,,2,auto,R06AD,
mercaptopurine,메르캅토푸린,메르캅토푸린수화물,1,auto,L01BB,Y
meropenem,메로페넴,메로페넴건조탄산나트륨|메로페넴삼수화물|메로페넴수화물,39,auto,J01DH,
metformin,메트포르민,메트포르민염산염|염산메트포르민,99,auto,A10BA,
methotrexate,메토트렉세이트,,9,auto,"L01BA,L04AX",
methylephedrin,,,0,none,,
methylephedrine,메틸에페드린,,0,manual,,
methylergometrine,메틸에르고메트린,메틸에르고메트린말레산염,1,auto,,Y
methylergonovine,메틸에르고노빈,메틸에르고메트린말레산염,1,auto+manual,G02AB,
methylphenidate,메틸페니데이트,메틸페니데이트염산염,13,auto,N06BA,
metoclopramide,메토클로프라미드,메토클로프라미드염산염|메토클로프라미드염산염수화물,4,auto,A03FA,
metronidazole,메트로니다졸,메트로니다졸제제,5,auto,"J01XD,P01AB",
micronized dolutegravir,돌루테그라비르,,0,manual,,
micronized riociguat,리오시구앗,,5,auto,C02KX,
midostaurin,미도스타우린,,1,auto,,Y
minocycline,미노사이클린,미노사이클린염산염,3,auto,J01AA,
mirodenafil,미로데나필,미로데나필염산염,3,auto,,
mirtazapine,미르타자핀,제피미르타자핀,32,auto,N06AX,
mitotane,미토테인,,1,auto,,Y
mizolastine,미졸라스틴,,1,auto,R06AX,Y
modafinil,모다피닐,,2,auto,N06BA,
molsidomin,몰시도민,,2,auto,C01DX,
morphine,모르핀,모르핀염산염수화물|모르핀황산염수화물|바이알|황산모르핀,17,auto,N02AA,
moxifloxacin,목시플록사신,목시플록사신염산염|병,11,auto,J01MA,
nabumetone,나부메톤,,10,auto,M01AX,
nafcillin,나프실린,나프실린나트륨,1,auto,J01CF,Y
naltrexone,날트렉손,,0,manual,,
nanoliposomal irinotecan,이리노테칸,나노리포좀이리노테칸,1,auto+manual,L01CE,
naproxen,나프록센,나프록센나트륨,55,auto,M01AE,
naratriptan,나라트립탄,나라트립탄염산염,6,auto,N02CC,
natalizumab,나탈리주맙,,1,auto,L04AG,Y
nebivolol,네비볼롤,,0,manual,,
neratinib,네라티닙,네라티닙말레산염,1,auto,,Y
netilmicin,네틸마이신,네틸마이신황산염,10,auto,J01GB,
netupitant,네투피탄트,,0,manual,,
nicorandil,니코란딜,,4,auto,C01DX,
nifedipine,니페디핀,,6,auto,C08CA,
nilotinib,닐로티닙,닐로티닙염산염일수화물,2,auto,L01EA,
nimesulide,니메술리드,,1,auto,M01AX,Y
nirmatrelvir,니르마트렐비르,,0,manual,,
nitrous oxide,,,0,none,,
norepinephrine,노르에피네프린,노르에피네프린타르타르산염수화물|주석산수소노르에피네프린,9,auto,C01CA,
nortriptyline,염산노르트립틸린,,2,auto,N06AA,
noscapine,노스카핀,,0,manual,,
octreotide,옥트레오티드,옥트레오티드아세테이트|옥트레오티드아세트산염,5,auto,H01CB,
olanzapine,올란자핀,미세올란자핀,30,auto,N05AH,
olmesartan medoxomil,올메사르탄,,0,manual,,
omega-3-acid ethyl ester 90,오메가-3산에틸에스테르,,0,manual,,
omega-3-acid ethyl esters 90,오메가-3산에틸에스테르,,0,manual,,
omega-3-acid ethyl esters90,오메가-3산에틸에스테르,,0,manual,,
omeprazole,오메프라졸,오메프라졸장용성과립,33,auto,A02BC,
omidenepag isopropyl,오미데네팍이소프로필,,2,auto,S01EX,
ondansetron,온단세트론,바이알|온단세트론염산염|온단세트론염산염수화물,26,auto,A04AA,
oteracil,오테라실,,0,manual,,
oxatomide,옥사토마이드,,1,auto,R06AE,Y
oxcarbazepine,옥스카르바제핀,,7,auto,N03AF,
oxymetazoline,옥시메타졸린,옥시메타졸린염산염,8,auto,,
ozanimod,오자니모드,오자니모드염산염,1,auto,L04AE,Y
palbociclib,팔보시클립,,9,auto,L01EF,
paliperidone,팔리페리돈팔미테이트,,11,auto,N05AX,
palonosetron,팔로노세트론,,0,manual,,
pantoprazole,판토프라졸나트륨세스키히드레이트,,43,auto,A02BC,
pantoprazole hemimagnesium,판토프라졸헤미,판토프라졸헤미마그네슘수화물,1,auto,A02BC,Y
paricalcitol,파리칼시톨,,9,auto,H05BX,
paroxetine,파록세틴,무수염산파록세틴|파록세틴염산염반수화물|파록세틴염산염수화물,25,auto,N06AB,
pentamidine isethionate,펜타미딘,,0,manual,P01CX,
pentoxifylline,펜톡시필린,,2,auto,C04AD,
perphenazine,페르페나진,페르페나진염산염,1,auto,N05AB,Y
pethidine,페티딘,,0,manual,N02AB,
phendimetrazine,펜디메트라진,펜디메트라진타르타르산염,24,auto,,
phenobarbital,페노바르비탈,앰플|페노바르비탈나트륨,3,auto,N03AA,
phentermine,펜터민,펜터민염산염,31,auto,,
phentermine hcl,펜터민,펜터민염산염,1,auto,,Y
phenylephrine,페닐에프린,,0,manual,,
phenytoin,페니토인,페니토인나트륨,1,auto,N03AB,Y
pibrentasvir,피브렌타스비르,,0,manual,,
pilsicainide,필시카이니드,필시카이니드염산염,2,auto,C01BG,
pimozide,피모지드,,0,manual,N05AG,
pioglitazone,피오글리타존,,0,manual,,
pirfenidone,피르페니돈,,9,auto,L04AX,
piroxicam,피록시캄,피록시캄칼륨,8,auto,"M01AC,M02AA",
piroxicam β-cyclodextrin,피록시캄베타사이클로덱스트린,,1,auto,M01AC,Y
pitavastatin,피타바스타틴,피타바스타틴칼슘|피타바스타틴칼슘수화물,76,auto,C10AA,
plantago herb fluid extract,,,0,none,,
platycodon root 50% ethanol dried ext,,,0,none,,
platycodon root 50% ethanol dried extract,,,0,none,,
platycodon root ext powder,,,0,none,,
platycodon root fluid extract,,,0,none,,
ponatinib,포나티닙,포나티닙염산염,2,auto,L01EA,
posaconazole,포사코나졸,,0,manual,J02AC,
potassium,포타시움크로라이드주,구연산칼륨|염화칼륨,3,auto,"B05XA,A12BA",
potassium guaiacolsulfonate,,,0,none,,
powdered cinnamon bark,,,0,none,,
powdered glycyrrhizae,,,0,none,,
powdered platycodon root,,,0,none,,
pramipexole dihydrochloride,프라미펙솔,프라미펙솔염산염일수화물,25,auto,N04BC,
praziquantel,프라지콴텔,,1,auto,P02BA,Y
primidone,프리미돈,,0,manual,N03AA,
procaterol,프로카테롤,프로카테롤염산염수화물,2,auto,R03CC,
propafenone,프로파페논,프로파페논염산염,5,auto,C01BC,
prucalopride,프루칼로프라이드,프루칼로프라이드숙신산염,16,auto,A06AX,
pseudoephedrine,슈도에페드린,수도에페드린염산염|슈도에페드린염산염,4,auto,R01BA,
pyrazinamide,피라진아미드,,0,manual,,
quetiapine,쿠에티아핀,쿠에티아핀푸마르산염,122,auto,N05AH,
rabeprazole,라베프라졸,라베프라졸나트륨,203,auto,A02BC,
radium-223,,,0,none,,
radotinib,라도티닙,라도티닙염산염,2,auto,L01EA,
ranolazine,라놀라진,,3,auto,,
rasagiline,라사길린,라사길린메실산염,27,auto,N04BD,
recombinant human tissue-type plasminogen activator,알-티피에이,,2,auto,B01AD,
revaprazan,레바프라잔,레바프라잔염산염,1,auto,A02BC,Y
ribociclib,리보시클립,리보시클립숙신산염,1,auto,L01EF,Y
riboflavin,리보플라빈,,0,manual,,
rifabutin,리파부틴,,1,auto,J04AB,Y
rifampicin,리팜피신,,6,auto,J04AB,
rilpivirine,릴피비린,릴피비린염산염,1,auto,J05AG,Y
rilpivirine micronized,릴피비린,,1,auto+manual,J05AG,
risperidone,리스페리돈,,42,auto,N05AX,
ritonavir,리토나비르,,1,auto,J05AE,Y
rivaroxaban,리바록사반,,119,auto,B01AF,
rosuvastatin,로수바스타틴,로수바스타틴칼슘,301,auto,C10AA,
roxithromycin,록시트로마이신,,58,auto,J01FA,
s-pantoprazole,에스-판토프라졸나트륨 ,에스-판토프라졸나트륨 삼수화물|에스-판토프라졸나트륨삼수화물,2,auto,A02BC,
safinamide,사피나미드,사피나미드메실산염,1,auto,N04BD,Y
salbutamol,살부타몰,살부타몰황산염,5,auto,R03AC,
salmeterol xinafoate,살메테롤,,0,manual,,
saxagliptin,삭사글립틴,,0,manual,,
selegiline,셀레길린,셀레길린염산염,1,auto,N04BD,Y
sertraline,설트랄린,설트랄린염산염|염산설트랄린,21,auto,N06AB,
sildenafil,실데나필,실데나필시트르산염,88,auto,C01CE,
silodosin,실로도신,,10,auto,G04CA,
simvastatin,심바스타틴,,49,auto,C10AA,
sirolimus,시롤리무스,,6,auto,L04AH,
sitagliptin,시타글립틴,,0,manual,,
sodium alendronate,알렌드로네이트,,0,manual,,
sodium bicarbonate,탄산수소나트륨,,0,manual,,
sodium dihydrogen,,,0,none,,
sodium nitroprusside,니트로푸루시드,니트로푸루시드나트륨,1,auto,C02DD,Y
sodium phosphate monobasic,,,0,none,,
sodium valproate,발프로산,발프로산나트륨|발프론산나트륨,11,auto,N03AG,
sofosbuvir,소포스부비르,,0,manual,,
sotalol,소타롤,소타롤염산염,1,auto,C07AA,Y
spiramycin,스피라마이신,,0,manual,,
spironolactone,스피로노락톤,,3,auto,C03DA,
st john's wort 80% methanol ext,,,0,none,N06AX,
sulfamethoxazole,설파메톡사졸,,0,manual,,
sumatriptan,수마트립탄,수마트립탄숙신산염|호박산수마트립탄,7,auto,N02CC,
tacrolimus,타크로리무스,타크로리무스수화물,30,auto,L04AD,
tadalafil,타다라필,,145,auto,,
tafluprost,타플루프로스트,,2,auto,S01EE,
tamoxifen,타목시펜,타목시펜시트르산염,7,auto,L02BA,
tamsulosin,탐스로신,염산탐스로신|탐스로신염산염,157,auto,G04CA,
tapentadol,타펜타돌,타펜타돌염산염,4,auto,N02AX,
tegafur,테가푸르,,0,manual,,
tegoprazan,테고프라잔,,6,auto,A02BC,
telmisartan,텔미사르탄,,0,manual,,
teneligliptin,테네리글립틴,,0,manual,,
tenofovir alafenamide,테노포비르알라페나미드,테노포비르알라페나미드숙신산염|테노포비르알라페나미드시트르산염,3,auto,J05AF,
tenofovir alafenamide hemifumarate,테노포비르알라페나미드헤미,테노포비르알라페나미드헤미푸마르산염,1,auto,J05AF,Y
tenofovir alafenamide hemimalate,테노포비르알라페나미드헤미,테노포비르알라페나미드헤미말산염,4,auto,J05AF,
tenofovir alafenamide hemitartrate,테노포비르알라페나미드헤미,테노포비르알라페나미드헤미타르타르산염,1,auto,J05AF,Y
tenofovir disoproxil,테노포비르디소프록실,테노포비르디소프록실인산염|테노포비르디소프록실푸마르산염,21,auto,J05AF,
tenofovir disoproxil asparate,테노포비르디소프록실아스파르트산염,,1,auto,J05AF,Y
tenofovir disoproxil hemiedisylate,테노포비르디소프록실헤미에디실산염,,4,auto,J05AF,
tenofovir disoproxil orotate,테노포비르디소프록실오로트산염,,1,auto,J05AF,Y
tetracycline,염산테트라싸이클린,,1,auto,J01AA,Y
thiamine,티아민,,0,manual,,
thrombin,트롬빈,,5,auto,B02BC,
ticagrelor,티카그렐러,,10,auto,B01AC,
tigecycline,타이제사이클린,,1,auto,J01AA,Y
timolol,티몰롤,,0,manual,,
tizanidine,티자니딘,염산티자니딘|티자니딘염산염,3,auto,M03BX,
tofacitinib,토파시티닙,토파시티닙시트르산염,29,auto,L04AF,
tofacitinib aspartate,토파시티닙아스파르트산염,,14,auto,,
tolvaptan,톨밥탄,,2,auto,C03XA,
tolvaptan sd powder,톨밥탄분무건조분말,,2,auto,C03XA,
topiramate,토피라메이트,,103,auto,N03AX,
tramadol,트라마돌,트라마돌염산염,31,auto,N02AX,
tranexamic acid,트라넥삼산,,11,auto,B02AA,
trastuzumab emtansine,트라스투주맙엠탄신,,2,auto,L01FD,
trazodone,트라조돈,트라조돈염산염,3,auto,N06AX,
tretinoin,트레티노인,,1,auto,L01XF,Y
triazolam,트리아졸람,,4,auto,N05CD,
trimethoprim,트리메토프림,,0,manual,,
trimetoquinol,트리메토퀴놀,,0,manual,,
triprolidine,트리프롤리딘,,0,manual,,
tulobuterol,툴로부테롤,,43,auto,R03CC,
udenafil,유데나필,,4,auto,,
valbenazine,발베나진이,발베나진이토실산염,1,auto,,Y
valproate,발프로산,발프로산마그네슘,3,auto,N03AG,
valsartan,발사르탄,,0,manual,,
vandetanib,반데타닙,,2,auto,L01EX,
vardenafil,바데나필,바데나필염산염,2,auto,,
vedolizumab,베돌리주맙,,3,auto,L04AG,
velpatasvir,벨파타스비르,,0,manual,,
venetoclax,베네토클락스,,3,auto,L01XX,
venlafaxine,벤라팍신,벤라팍신염산염,12,auto,N06AX,
verapamil,베라파밀,베라파밀염산염,5,auto,C08DA,
vericiguat,,,0,none,C01DX,
vildagliptin,빌다글립틴,,0,manual,,
vincristine,빈크리스틴,빈크리스틴황산염,1,auto,L01CA,Y
voriconazole,보리코나졸,주사용,3,auto,J02AC,
vortioxetine,보티옥세틴,보티옥세틴브롬화수소산염,7,auto,N06AX,
voxilaprevir,복실라프레비르,,0,manual,,
xylometazoline,자일로메타졸린,자일로메타졸린염산염,12,auto,,
zaltoprofen,잘토프로펜,,11,auto,M01AE,
zanubrutinib,자누브루티닙,,1,auto,L01EL,Y
zidovudine,지도부딘,,0,manual,,
zinc histidine,히스티딘아연,히스티딘아연이수화물,1,auto,,Y
ziprasidone,염산지프라시돈,염산지프라시돈일수화물,4,auto,N05AE,
zolmitriptan,졸미트립탄,,1,auto,N02CC,Y
갈근탕엑스,,,0,none,,
